Actual,Predicted,Pro_ratio
30.400976953835634,28.643712997436523,0.9421971221823712
37.11274340223034,28.31909942626953,0.7630559433277481
144.5358650343995,29.70104217529297,0.20549254102588396
296.1363368313067,64.86419677734375,0.2190349130113454
251.99285204855735,170.32786560058594,0.6759234010644274
400.3218694656876,43.925872802734375,0.10972638807208446
43.98348369406646,49.82820510864258,1.1328844585215199
52.74697588692848,27.637365341186523,0.5239611347659362
48.12925316190954,39.95073318481445,0.8300717455643436
32.65693403884897,37.5700569152832,1.1504465443874656
25.749363485286622,32.18290710449219,1.249852530253097
26.94769115092825,27.768951416015625,1.030476090158807
33.85074127742723,27.862932205200195,0.8231114343064652
31.54035401913679,29.01436424255371,0.9199124469227435
21.35774306205772,30.4278621673584,1.424675916315046
21.623162638893646,29.321657180786133,1.356029997575155
23.197089877661355,27.33213996887207,1.17825727765933
23.32521350283795,25.46637725830078,1.0917961053262093
22.715589259884116,26.86410903930664,1.1826287547269945
22.54686136239393,24.764822006225586,1.0983711483466612
28.654759901172493,29.722576141357422,1.0372648817811674
28.47679209506727,25.99237060546875,0.912756272500621
28.00588905606313,28.72955894470215,1.0258399184253837
26.322843203099346,26.556888580322266,1.0088913410841334
22.984674021213902,27.824708938598633,1.2105766178331518
22.593891388049496,26.001834869384766,1.1508347288567484
22.27476237160686,24.944671630859375,1.1198625248930056
20.180839611675562,24.617929458618164,1.2198664640481824
24.350247157038773,24.903121948242188,1.0227050997732317
21.484028487904233,23.367446899414062,1.0876659799892845
22.589707080174552,24.871431350708008,1.1010072535440696
22.80656778841434,24.172971725463867,1.0599127387218543
23.524906640149243,24.36583709716797,1.0357463887054725
27.043770527122632,24.56863784790039,0.908476790366939
26.181241515283965,23.970706939697266,0.9155680003067752
27.59082573700713,25.017410278320312,0.9067293062115522
27.213339517094703,24.518503189086914,0.9009736998167769
25.73134902671634,24.75006103515625,0.9618641062875779
22.9819937140862,24.965150833129883,1.0862917788472006
22.162292585337017,24.959699630737305,1.1262237214236177
22.456576304364024,24.507631301879883,1.091334269735377
21.436408567633414,24.248811721801758,1.1311974972530967
21.97062633797424,24.437164306640625,1.1122652550147465
22.12264493207233,24.077505111694336,1.0883646682222858
22.150249230659703,24.18492317199707,1.0918578351037709
23.72898104983777,24.327789306640625,1.0252353126982225
23.11455313843749,24.11997413635254,1.0434973149553612
20.18943803605471,24.653291702270508,1.2210984604050967
21.321771473328575,25.117733001708984,1.1780321833544076
21.945260949402265,24.087095260620117,1.0975989447633427
25.36856803551507,24.103038787841797,0.9501142813460508
26.438811988373843,23.616947174072266,0.8932680933037968
26.124410503749864,24.254379272460938,0.9284182419725603
28.13626316969203,24.63741111755371,0.8756461712404215
26.421577883420884,24.20284652709961,0.9160257814233913
25.408701178345723,25.038936614990234,0.985447325278058
22.56305699951251,24.799646377563477,1.0991261679700268
22.418485038419423,24.959251403808594,1.1133335442174153
22.911428453795427,24.35235595703125,1.0628912119618243
22.78243892317583,24.026290893554688,1.0545969627998661
22.79595250037386,24.182451248168945,1.060822145851214
22.50052170607456,24.178544998168945,1.0745770837678559
24.19833328292129,24.33428192138672,1.0056180992664225
21.071824487793542,24.08716583251953,1.143098256464347
22.449816345296306,25.117511749267578,1.1188292751682225
23.760540617624603,24.191757202148438,1.018148433213846
24.00708398237539,24.186613082885742,1.0074781718863546
27.184258880357273,24.48133087158203,0.9005701049025723
28.98253538448796,23.874046325683594,0.8237390555714276
27.78150983947378,24.457380294799805,0.8803474122219651
23.024550885442615,25.12563133239746,1.0912539166304982
20.403186414639716,25.50135040283203,1.2498709703761897
22.305631210181144,24.864864349365234,1.1147348449846135
22.010558985571592,23.805940628051758,1.0815691070661622
21.700252123862224,24.363265991210938,1.1227181072435737
22.703366555042457,24.304508209228516,1.0705244154123232
22.730923380699082,23.867942810058594,1.0500208201099723
21.864827813132337,24.230039596557617,1.1081742698199846
22.842119168056534,24.474889755249023,1.0714806964791528
23.099349035579287,24.17707633972168,1.046656176435206
23.874112527797394,24.53543472290039,1.0277003886252525
30.49875411852957,24.451757431030273,0.8017297144664204
28.414298588154818,23.437801361083984,0.8248594026830771
28.072895790507463,25.300251007080078,0.9012341012442
25.616062167916116,24.894025802612305,0.9718131397179324
54.21121499827955,25.049091339111328,0.46206474693301536
73.03219909972023,23.21769905090332,0.3179104468592164
74.78403508615841,35.014190673828125,0.4682040843809565
30.1087029268293,38.65941619873047,1.2839947404138021
271.42639823652695,32.911094665527344,0.1212523722060663
192.98440445947261,167.54196166992188,0.8681632183656905
396.1761806002968,44.81707763671875,0.11312410950302643
23.694439484147015,92.76997375488281,3.9152634869017024
24.67934307464798,27.071800231933594,1.0969416872259976
24.491645981046222,30.075056076049805,1.2279720235758966
145.08200137646696,25.494333267211914,0.17572361164950973
21.670545776846414,56.04898452758789,2.5864131482776327
21.310130635118966,34.70845413208008,1.6287302375744594
20.46464642671316,27.81877899169922,1.3593579098139938
23.966462371253865,27.51274871826172,1.1479687027678054
27.53490754376017,28.03154945373535,1.0180368105171913
29.194313213160427,28.232168197631836,0.9670434098413773
27.66880035150184,29.909074783325195,1.0809675303360868
26.36966065822025,26.16775894165039,0.9923434086169433
22.928760168604597,26.779356002807617,1.167937376721986
23.316350353026376,24.3825740814209,1.0457285858314498
84.09213291172544,28.950288772583008,0.34426869399273263
51.7732442102801,33.91584014892578,0.6550843136500117
37.12954136503243,41.77497863769531,1.125114318730525
56.84625268442991,30.312419891357422,0.5332351467321951
30.75595186333375,33.74150466918945,1.097072359168795
53.53400273547441,32.08601379394531,0.599357644756936
31.013818930639516,25.376333236694336,0.8182266522367636
30.84898217760594,31.700260162353516,1.0275950104235705
32.14765223077314,27.805423736572266,0.8649285968682869
40.23399940336848,25.403583526611328,0.631395931384452
38.34030911143665,26.26714515686035,0.6851052003914345
34.781021517747476,28.235103607177734,0.811796272078162
31.546278441924706,28.802356719970703,0.9130191624027715
45.074518223510694,28.051965713500977,0.6223464347283735
41.38313089132554,26.906482696533203,0.6501799674652736
50.796578019014916,30.66225814819336,0.6036284203379885
30.265340278187153,30.28424835205078,1.000624743475204
25.717877770621296,30.486860275268555,1.1854345271869626
30.839718595364033,27.69280242919922,0.8979589857010604
33.887659551665756,25.3906307220459,0.7492589059841938
36.95188068518322,27.107868194580078,0.7335991481875956
37.03391532643076,27.158641815185547,0.7333451398751425
37.396590285300896,27.948339462280273,0.7473499388329435
32.86336578384463,27.7923526763916,0.8456940430019527
32.254648625179364,28.263507843017578,0.8762615327625635
30.676552437194132,27.276063919067383,0.8891502386036122
63.39616028063512,27.32813262939453,0.4310692084255793
31.731389353348124,28.22523307800293,0.8895051131766708
43.91367072464854,32.82926940917969,0.7475865457713324
32.687711212058915,26.426029205322266,0.8084392643426611
31.858619488695922,29.324054718017578,0.9204433584582139
31.87769545720469,27.707651138305664,0.8691861422511785
31.84845353202378,26.37928009033203,0.8282750703674681
35.02078854928267,27.342836380004883,0.7807601573998523
36.29850924698603,26.599699020385742,0.7328041721877158
36.54791157561599,27.212295532226562,0.744564993157695
35.81340698853687,27.330286026000977,0.7631300209653004
85.58023055854619,27.882177352905273,0.32580161529047097
27.916373984875257,35.32933807373047,1.2655417961111806
31.67482241118241,35.257057189941406,1.113094076180024
32.733260644878605,26.244991302490234,0.8017835921456387
31.439861822865314,26.91863441467285,0.8561944249734488
389.72302813064107,28.072547912597656,0.07203204811183832
453.20381900522415,282.7269287109375,0.6238405698599783
35.75408156473814,30.489255905151367,0.8527489609807481
33.50588311165095,24.48891258239746,0.7308839615059114
33.14989760054622,29.398773193359375,0.88684355974828
37.4214359943398,33.18044662475586,0.8866695182348049
43.728263627770644,27.2970027923584,0.6242416352206313
233.3455374997891,25.579378128051758,0.1096201727366433
559.1201713498228,121.69987487792969,0.21766318067924997
200.51926407825312,72.75650787353516,0.3628404892067715
64.35109918174147,38.31968688964844,0.5954783582083862
30.39736671724137,37.47883605957031,1.2329632500144276
30.186029773283945,35.46986389160156,1.1750423675456008
28.150672644948408,26.214113235473633,0.9312073486165068
30.525153151058174,29.24955177307129,0.9582114667312435
28.462421766034076,32.31983947753906,1.1355266864925835
33.122403132238034,27.14011573791504,0.8193884854779624
34.04199983788214,26.50542640686035,0.778609556814725
62.67936828310509,31.998563766479492,0.5105119059584483
214.63355448699662,51.69488525390625,0.24085183408281177
91.20514539624212,76.02128601074219,0.8335197063769437
55.807447094385836,26.375682830810547,0.4726194119971474
30.06869612965512,27.533695220947266,0.9156930218132165
31.29527871722134,35.83318328857422,1.145002848907549
28.64894303706916,31.548067092895508,1.1011947998247316
30.851805942246035,28.595813751220703,0.9268764948396051
30.050912866655487,27.832063674926758,0.9261636675872577
30.12721508650779,27.7608699798584,0.9214549004992786
30.745020048417242,25.43080711364746,0.8271520745017905
30.67747263002072,26.720693588256836,0.8710200449207862
34.859869443524715,28.78854751586914,0.8258363549670914
201.2229697516876,28.99947738647461,0.14411613854154143
35.06112537907057,85.97669219970703,2.452194311225106
28.745876680636044,29.496639251708984,1.0261172264604708
80.2690698699598,28.41516876220703,0.35399897878773395
51.61568958267437,37.77117156982422,0.7317769437009075
29.735875839063052,44.49266052246094,1.4962619821008392
30.293396271388694,30.7291259765625,1.0143836531655364
30.66002613976417,28.59242820739746,0.9325637257143378
29.867113667468644,27.71270751953125,0.9278669451650435
29.892195880057308,26.64080047607422,0.8912292888408285
28.863732582303726,26.188926696777344,0.9073298687929815
28.901697605987888,27.793731689453125,0.961664330876356
196.98190821400053,28.300617218017578,0.14367114967366382
35.90680037330849,84.99607849121094,2.3671303933388956
48.714110466818056,31.806936264038086,0.6529306592943659
30.022726280453927,30.248620986938477,1.0075241237046355
409.98767293884316,32.43382263183594,0.07910926296721611
450.0243165654179,352.6291809082031,0.7835780599578848
31.109624270423687,30.57063102722168,0.9826743891691924
32.15937546192363,22.793987274169922,0.7087820253586009
33.488926493926435,29.15770149230957,0.8706669500916258
38.78960305633477,32.37520980834961,0.8346362751206958
52.81004018621837,26.591503143310547,0.5035312044744481
29.75249762606596,27.18500328063965,0.9137049138631996
20.74258669162575,32.39525604248047,1.5617751307535412
20.87108161803357,29.198688507080078,1.3990021715909093
23.017727403066754,23.858890533447266,1.0365441433748337
19.384172247123786,28.68673324584961,1.4799049905319601
20.680280935593007,30.14984703063965,1.4579031650749237
21.286864958095027,25.346683502197266,1.1907194202666447
28.105939763392975,24.529041290283203,0.8727351405709423
26.581541924969144,21.91859245300293,0.8245794211213116
23.40582777296112,26.536767959594727,1.1337675478519298
22.49417023474012,26.912633895874023,1.1964270571007773
22.903663450686807,27.01668930053711,1.179579387319672
20.379885667833204,27.268993377685547,1.3380346593762218
20.5608439070597,26.644527435302734,1.2958868593012451
23.046379272909693,24.681753158569336,1.070960122034526
20.623093601177388,23.71373176574707,1.1498629751839577
20.671777769986647,24.72178077697754,1.19591943431547
21.317460158012548,24.15866470336914,1.1332806311960515
20.8971629462717,24.12220001220703,1.154328942843924
18.628042956244848,24.554048538208008,1.3181228213764953
20.7978180487489,24.87134552001953,1.1958632132333553
21.33794552788193,23.696815490722656,1.1105481293762995
25.40237159787574,23.959911346435547,0.9432155282870983
24.146174693287538,23.37374496459961,0.9680102650419962
25.752564899051766,24.45113754272461,0.9494641655528815
24.95057024986628,23.975635528564453,0.960925353146706
19.891421586376055,24.5059757232666,1.2319871466628172
20.284766492960227,25.38711166381836,1.251535810019252
21.041987885801547,23.896150588989258,1.1356413053119192
20.07782566524991,23.817411422729492,1.1862545187824767
19.997134390386734,24.28596305847168,1.2144721630788622
20.137673082142957,23.874174118041992,1.1855478048857775
20.427536163605392,23.814716339111328,1.1658144256056042
19.27847282934958,23.915443420410156,1.2405258254689782
19.808129208460524,24.351436614990234,1.229365800208389
19.61366154768666,24.075878143310547,1.227505536626851
19.764148726560784,24.221405029296875,1.2255223012335483
20.051137075307324,24.17073631286621,1.2054546443968064
21.610992884384178,23.937501907348633,1.107653962749928
24.161865537946934,23.541601181030273,0.9743287886466169
24.595890463469324,23.489120483398438,0.9550018332650042
24.234229219145842,24.087158203125,0.9939312690867572
22.30721151413727,24.250328063964844,1.0871071020506584
21.031856209014414,24.527523040771484,1.1662081937522377
18.823959325945456,24.323387145996094,1.2921504304607512
21.03995418036266,24.412872314453125,1.1603101463613703
21.69004861667544,23.357925415039062,1.0768959455942089
21.44828647627556,23.727388381958008,1.1062603256536794
21.87210222774049,24.006107330322266,1.0975674436943335
20.723874552383087,23.779605865478516,1.147449807485157
21.912970115231182,24.2404842376709,1.1062162778573734
22.428649245095265,23.845064163208008,1.0631520383877993
26.320087547291738,24.09824562072754,0.9155837942190728
26.758110388304456,23.57204246520996,0.8809307579324781
26.312559444668295,24.3861083984375,0.9267858738606611
20.535278218314378,24.555749893188477,1.195783647639526
19.62870243858278,25.286109924316406,1.2882211650737163
20.364020861750355,24.196561813354492,1.1882015824685577
19.981098468671554,23.796546936035156,1.1909528884683622
20.24741300928337,24.223236083984375,1.1963620277256213
21.140113822192372,23.96466636657715,1.1336110376766104
18.757058613011345,23.786558151245117,1.2681390319239565
20.023950439697515,24.49305534362793,1.2231879726924617
20.689962985746888,23.718215942382812,1.1463633820283805
22.941535877779295,23.981664657592773,1.0453382365223824
25.349999421575614,23.921875,0.9436637296188605
25.45207636697994,23.920074462890625,0.9398083723307994
25.39591430038623,24.409807205200195,0.9611706401461971
24.553780998294297,24.268680572509766,0.9883887363089076
21.41106539245159,24.404016494750977,1.1397852487692903
21.793498671380753,24.821014404296875,1.1389182975421868
22.49249115406998,23.965539932250977,1.065490690563835
21.90475394348137,23.93047332763672,1.0924785272357822
21.791699525688028,24.21854019165039,1.1113653693279686
21.247468182111074,23.949398040771484,1.1271647913766616
113.74247196546919,24.082061767578125,0.21172444515615188
64.9575411886276,35.886932373046875,0.552467530580264
19.94082857634651,40.93259811401367,2.0527029735648625
19.66068957404135,31.57529640197754,1.6060116448645543
19.960266343026653,23.17049217224121,1.1608308112750252
20.19447211815958,24.925222396850586,1.234259665269336
26.409341925184147,24.414196014404297,0.9244530243717559
29.655568892100955,23.100902557373047,0.778973508868555
25.93155200671944,24.16649055480957,0.9319338290491637
22.334990105159097,25.207088470458984,1.1285918799058017
250.83161262682856,24.89565086364746,0.09925244510820747
19.177833657149858,162.78810119628906,8.48834670831544
54.191761201961015,28.44261932373047,0.5248513554990575
20.541252115243946,24.68430519104004,1.2016942809791753
21.17612975201003,30.494617462158203,1.4400467799959369
20.70233242623642,28.85179328918457,1.3936494060263567
22.10490746969064,22.60125732421875,1.0224542832947248
22.480170691218156,25.136838912963867,1.118178294027969
24.59958051526307,23.971973419189453,0.9744870813677408
25.415657446849174,24.712852478027344,0.9723475589686562
25.38759285898933,24.753889083862305,0.9750388396943809
26.00314594436042,26.538490295410156,1.0205876762832937
37.30713896390327,27.888904571533203,0.7475487358737766
506.6685577650908,26.96107292175293,0.05321244531272656
84.09825299474976,286.38458251953125,3.405357095080325
96.32760282280529,19.933866500854492,0.20693825982073755
48.95197430093879,38.79988479614258,0.7926112347913715
36.99884365960685,44.268741607666016,1.1964898691143695
31.591765180133365,33.53181457519531,1.0614099713643719
27.386065388074964,24.977331161499023,0.9120452612508256
28.256642850762326,29.005638122558594,1.0265068740031182
28.740456467449683,26.23621940612793,0.9128671785655891
29.529171600050375,25.5458927154541,0.8651069884876323
269.11648572785555,25.591224670410156,0.09509348563762579
37.61393004902339,233.9651641845703,6.220173320885011
34.53224427826022,26.99981117248535,0.7818724712741327
25.41135214468354,25.970094680786133,1.021987910478801
428.71251260249096,26.59149169921875,0.06202639511918049
436.1742803808142,418.9839782714844,0.9605884553891593
29.397023402762674,34.0747184753418,1.1591213847909352
22.39241505971683,22.71879768371582,1.0145755883467051
24.26600261082093,36.101375579833984,1.4877347603900493
22.38932006599575,32.127479553222656,1.434946637884593
21.865843160816183,30.763240814208984,1.4069085096767286
23.505474286022483,27.186765670776367,1.1566142142021343
24.65368169454377,28.94305419921875,1.173985068754428
23.977351178914095,28.01481819152832,1.1683866988679221
34.6797940559921,23.22899055480957,0.6698133938542228
34.41193065141361,29.7758731842041,0.865277612169689
52.777786449056904,32.46091842651367,0.6150488796616388
34.178640741470296,24.239646911621094,0.709204532004989
28.9740400038645,27.596851348876953,0.9524681868733577
30.549803913845608,25.289766311645508,0.8278209046109073
28.301849445307976,25.969024658203125,0.9175734154189136
27.23190850362502,26.10287094116211,0.958539903205366
28.92770035729384,26.676372528076172,0.9221739785253957
30.15846810033681,27.047697067260742,0.8968524852546697
177.809712719738,26.230300903320312,0.1475189431561833
95.39569605424244,56.07615661621094,0.5878269034729384
31.309909466882402,43.44261932373047,1.387503830685977
28.50738030865647,33.04018783569336,1.159004702570319
23.796078965814328,26.43844223022461,1.1110419606610957
20.66503021312893,28.831689834594727,1.3951922420262104
20.266416442139032,26.153684616088867,1.2904937925635787
20.328723073830982,25.389467239379883,1.2489455017498645
22.382376290994227,24.659212112426758,1.1017244903682832
20.64359188506499,23.674243927001953,1.1468083683697288
21.687813362877094,24.778104782104492,1.1424897645290988
400.8229648168844,25.658580780029297,0.06401474723822623
142.14950113511838,296.7209777832031,2.0873866979044746
23.62604428381839,21.039865493774414,0.8905369532463263
299.24540898850665,27.851430892944336,0.09307220781460358
111.04248704916307,173.500732421875,1.562471600127788
33.28867646892347,48.48719024658203,1.4565670789539225
20.262753651137963,31.642595291137695,1.561613778459012
19.766595329345158,28.347883224487305,1.4341308026072912
19.752831238958837,27.82362937927246,1.4085894342273049
20.604858518676455,24.624984741210938,1.1951057426038911
19.630616722410004,24.40959358215332,1.2434450698784063
20.326095963337238,25.913179397583008,1.2748724321838956
19.837235113572625,27.32297134399414,1.3773578418345094
21.399259456727467,26.738473892211914,1.249504635722612
151.63691933255487,24.77048110961914,0.16335389309311282
33.01172775242736,67.49803161621094,2.0446682500962945
31.48379710082378,33.7723388671875,1.0726895094335316
30.141006273777805,24.63046646118164,0.8171746569260945
146.96926204281664,36.22159194946289,0.2464569219848871
353.14429271226794,110.15357971191406,0.3119222991426457
433.0357054256916,133.40953063964844,0.30807974716196085
31.01345033950434,26.69941520690918,0.8608979302409308
31.394922725325763,23.488615036010742,0.7481660407803096
32.15894827243741,32.29990005493164,1.0043829723938777
32.27102300793843,29.857446670532227,0.9252091780042894
34.1709685521194,28.04361915588379,0.8206855217788209
32.18024667780304,25.723358154296875,0.799352422989351
35.764705937898725,29.287248611450195,0.8188868842457174
37.875812054663314,28.075876235961914,0.741261367424733
38.30533208615308,31.023862838745117,0.8099097736307023
33.45993951214747,33.555259704589844,1.0028487855576598
59.61328164709501,28.9852294921875,0.48622100128252155
52.43805906502312,26.603757858276367,0.5073368147605872
22.26964457855554,29.358684539794922,1.3183274854806504
21.479284494200098,27.627147674560547,1.2862229038411646
21.406581474415372,26.971223831176758,1.259950070188092
21.855158066724506,25.416770935058594,1.162964406729998
20.530755197698607,26.769420623779297,1.3038692617980274
21.356871586524466,26.278949737548828,1.2304681250286695
22.322188263751382,26.326522827148438,1.1793880831074086
21.73325830840756,25.060102462768555,1.1530761797035283
125.05946272867209,25.27337646484375,0.20209087671899442
113.23631167404142,45.346168518066406,0.400456071446397
911.1429643540897,55.19981384277344,0.060583043498453226
93.58453502309216,188.04856872558594,2.009397906173115
778.7187472816131,48.74348068237305,0.06259446154664827
122.93643290109925,81.46210479736328,0.662635988982196
34.524099497585986,71.91981506347656,2.083177146112251
46.92472999662385,30.159025192260742,0.6427106814345149
30.141381123162265,22.66461181640625,0.7519433739215599
63.78552209742011,36.63399124145508,0.574330820487817
29.36261946290326,36.93870162963867,1.2580179256931432
29.226497268127133,36.0454216003418,1.2333130881082701
62.95317363752026,35.879947662353516,0.569946606170288
58.265952947173275,25.334272384643555,0.4348040511345078
35.96727701682953,24.470661163330078,0.6803590149979927
30.76200845221286,25.396503448486328,0.8255801466259409
28.97996110969379,21.71578025817871,0.7493377984870652
30.07578542048667,20.902132034301758,0.6949820841607643
29.580604169956572,24.583885192871094,0.8310812399781754
29.553050565341476,58.384403228759766,1.9755795801747262
29.158934556879135,26.075439453125,0.894252134016101
30.42607648457962,35.611976623535156,1.170442618245038
28.82941953924961,22.71247100830078,0.787822695402488
172.89920506286987,29.52870750427246,0.17078567535076397
42.744504715100604,37.557125091552734,0.8786421866828815
38.2655564743417,34.74618148803711,0.9080276020900299
33.15854133239951,28.46181869506836,0.8583555714876414
37.821503887503546,28.838003158569336,0.7624763744018541
40.042383621447584,30.498260498046875,0.7616494758746414
31.165953127498526,26.810434341430664,0.8602475346013123
50.48047308553814,29.10721778869629,0.5766035064563421
35.29655644073666,27.05398941040039,0.766476737067095
40.204359270926666,31.28277587890625,0.7780941282536006
50.2587304749493,27.444570541381836,0.5460657338939583
62.233883892777136,31.229915618896484,0.5018153080836568
32.878219522848745,35.09352111816406,1.0673790012800357
44.07095087080117,31.87177848815918,0.7231924398816535
41.02890495565424,26.867456436157227,0.6548421525067925
438.00564387342496,32.34406661987305,0.07384394943828589
463.86942216124856,350.6445617675781,0.755912213686912
30.041781089623807,24.970937728881836,0.8312069665372337
35.17031237571463,25.29389762878418,0.7191831951498335
43.184159603674736,32.80523681640625,0.759659030475024
31.79119288150796,36.65790557861328,1.1530836768297597
31.235422181451998,30.289060592651367,0.9697022955763795
46.88487273726781,26.117399215698242,0.5570538574788124
36.50868798081584,30.612327575683594,0.8384943220027353
20.68137377211393,32.999267578125,1.5956032680295207
19.666976825458132,28.917112350463867,1.4703384565456852
26.96865627028036,27.827661514282227,1.031851985334119
27.02178226560109,27.816600799560547,1.0294139937235476
26.12508231963809,25.011375427246094,0.9573702054307087
19.07759002080835,24.26213264465332,1.2717608785066705
19.018436901803835,22.834453582763672,1.2006482814893111
18.829780144420212,24.65358543395996,1.3092869510356713
23.20466450483335,25.5609130859375,1.1015420231830269
22.99841658877258,25.435016632080078,1.1059464260899161
22.01403187868118,27.109128952026367,1.2314477012400158
455.9619181296495,27.23307991027832,0.059726654414447806
98.08682967941915,225.2950897216797,2.296894399156544
26.94273542511411,19.176803588867188,0.7117615671269938
22.405974460764373,29.176944732666016,1.3021948580615605
22.196692371016557,25.43715476989746,1.1459885258901077
22.513874923653834,28.159276962280273,1.250752127644415
21.3121875145795,22.5947265625,1.0601786675836598
21.72418369130724,25.842798233032227,1.1895866192372981
20.572513439243156,23.614482879638672,1.1478657165241073
24.215558018622694,23.07049560546875,0.9527137713583413
26.763879512789174,22.926258087158203,0.8566119151822831
46.341718609098685,26.627534866333008,0.5745910092575847
37.17974493181613,27.619144439697266,0.7428545970486878
31.463695551292755,27.59153175354004,0.8769323269277051
378.2785053069057,24.356191635131836,0.06438692998263573
245.46544127732898,267.8111877441406,1.091034185303361
271.2765206166457,26.84273910522461,0.09894973234029868
32.19987154868039,29.680702209472656,0.9217646152594364
32.74498237055174,29.06455421447754,0.8876032940123343
32.39270380131936,38.96806716918945,1.2029890251891318
34.03527709376421,28.2489070892334,0.829989043762157
32.61490479187491,28.116737365722656,0.8620824603089797
32.47583744121286,27.28297233581543,0.840100655916958
43.455759153144456,28.65608024597168,0.659431127298535
63.47896123015688,29.209535598754883,0.4601451415193975
117.40637125374201,38.30607223510742,0.32626910981107865
45.78422805887408,52.8119010925293,1.1534955012153598
22.314768247550802,31.65091323852539,1.418384134103624
31.204665537122953,26.701875686645508,0.8557013903859776
32.01677051469194,28.185453414916992,0.8803340549910609
22.05385650024335,30.389633178710938,1.377973651836159
19.276010685062896,30.893932342529297,1.6027140079596034
21.608096233636385,26.714975357055664,1.2363410023817658
22.15696391735288,26.139366149902344,1.179735917222419
24.273002827620413,25.40204620361328,1.04651436758818
141.5484871584697,26.456296920776367,0.1869062499492304
25.06344055312358,50.667903900146484,2.021586134303971
62.95528952255553,34.57426452636719,0.5491876026394886
23.077603053869783,26.6560001373291,1.1550593046906261
23.777368898556777,32.42692947387695,1.3637728216365093
365.079387798403,28.412750244140625,0.07782622408644489
462.56878097651685,283.89300537109375,0.6137314428608318
25.273373276517077,38.2753791809082,1.5144547093945717
24.312638295007453,24.044633865356445,0.9889767442595466
24.68860265078105,28.544919967651367,1.156198281912416
38.7640575527494,29.091989517211914,0.7504887608224212
30.549520282598188,24.24367904663086,0.7935862436583234
41.98010318508594,26.363405227661133,0.6279976281008077
39.79079545767366,28.82817268371582,0.7244935003719888
30.827850395484365,30.313907623291016,0.9833286211785746
30.34652046230697,30.629173278808594,1.0093141754703872
30.390216480975724,29.42833137512207,0.9683488564006842
46.78524948192978,29.572654724121094,0.6320935562295796
34.51186787912222,25.804691314697266,0.7477048592408319
37.247511322701065,26.953563690185547,0.7236339484984138
38.59910572261481,23.56541633605957,0.6105171582317992
38.23573410608302,31.684001922607422,0.8286489762352106
30.64607120234874,28.21087074279785,0.9205379233288392
29.940012645761648,30.156341552734375,1.0072254113427488
31.437974069509828,29.608186721801758,0.9417969063889937
29.592975899942342,28.18108367919922,0.9522896167821407
42.23848080597487,26.075279235839844,0.6173346848249179
24.115838875378838,25.30449676513672,1.049289510346308
29.71096774842923,29.37947654724121,0.9888428002751427
65.84210484229813,25.11968994140625,0.3815140782873168
31.693823247064472,27.926660537719727,0.8811388995269397
41.38109156405183,33.596046447753906,0.811869507979319
23.077976259873417,26.59690284729004,1.1524798599232082
22.921313518333985,29.156930923461914,1.2720445056580316
24.694212599867573,26.127443313598633,1.0580391339847275
32.158536988685974,24.421432495117188,0.7594074476618493
31.662639761597703,24.98455810546875,0.7890863899405974
26.355653490603103,26.25704574584961,0.9962585733346111
48.86836999824152,26.832883834838867,0.5490848955224907
76.38192635820646,24.544158935546875,0.32133464165911096
54.939147015550105,36.62311553955078,0.6666123798606646
31.79262742793176,36.54531478881836,1.1494902354849437
33.25355009737689,31.026601791381836,0.9330312613398015
24.286653081809195,26.673105239868164,1.0982618786549239
22.155413765438674,28.317501068115234,1.2781300935254527
23.582915546500413,25.656265258789062,1.0879174463479908
21.090214735074902,24.35972023010254,1.1550247608238031
30.11348044829614,25.53775978088379,0.8480507533737685
31.87412701017938,23.52532386779785,0.73806959043254
25.470773642671407,25.79148292541504,1.012591265865845
20.3772553983863,27.55338478088379,1.3521636865318858
21.468513900191983,27.309627532958984,1.2720781540782273
21.33974774988298,26.0170841217041,1.2191842390380068
29.661399688827967,25.415802001953125,0.8568645535472166
32.39866326810366,23.95673942565918,0.7394360448581989
24.886267552458907,25.444849014282227,1.0224453691436797
24.1365392204877,26.5187931060791,1.098699066333805
24.55146724338841,24.949338912963867,1.0162056167817264
23.04132682299345,24.950576782226562,1.0828619798634092
23.329742919574205,25.44171714782715,1.0905271110587742
27.59585714452007,24.954315185546875,0.9042775897432942
33.26581764924077,24.032291412353516,0.7224320071057085
32.297173829097105,24.153963088989258,0.7478661512862317
23.40263446122047,25.67938804626465,1.0972862089016897
21.795227392038413,26.49677848815918,1.2157147072408245
22.40960117334764,24.851621627807617,1.1089720622678614
23.802281229282983,24.622173309326172,1.0344459454178077
25.029042499086707,24.547651290893555,0.9807666950019874
32.46620260454219,24.3024845123291,0.7485471833077595
29.144962530326058,23.623455047607422,0.8105501944985049
22.659670650491385,25.754661560058594,1.1365858735241632
22.86074347613732,25.935344696044922,1.1344926171415621
21.01238933742456,24.485719680786133,1.1652991617271875
22.173348471610364,25.26868438720703,1.1395971348017093
25.227927890511474,24.64669418334961,0.9769607036422332
32.065061424938314,23.954151153564453,0.7470483476115947
29.586522494014012,23.644268035888672,0.7991567120019737
22.313899681692323,25.627899169921875,1.1485172710957627
22.460120714109554,26.08390235900879,1.161342928251617
22.704882265419116,24.38872528076172,1.074162155771545
22.955031839940755,24.72572898864746,1.077137647251082
25.32521204382891,24.873119354248047,0.9821485131576213
31.74755927104726,24.061819076538086,0.7579108324866309
32.71644099264302,23.64240074157715,0.7226458631882862
29.98107235374058,25.241945266723633,0.8419293669318779
23.643755289851196,25.757160186767578,1.0893853311797528
23.36725502292274,26.05849266052246,1.1151713213622942
23.678625067346985,24.946678161621094,1.053552648883434
22.275799668380046,24.791898727416992,1.1129521317525803
28.734412083917903,24.894716262817383,0.8663729116890642
34.33713427868562,23.182743072509766,0.6751507823674204
29.345891100016217,24.339550018310547,0.8294023151437748
21.946736296650847,26.257104873657227,1.1964013472775064
22.979032649567838,26.14433479309082,1.1377474061590886
22.503713884000494,24.528139114379883,1.0899596058150516
22.511282232360053,25.06675148010254,1.113519488644187
27.676879367873013,24.861146926879883,0.8982640924373289
31.467698788372857,23.63409996032715,0.751059050084076
28.074757359157935,24.41109848022461,0.869503453509341
22.653877974387736,25.724822998046875,1.135559352227955
22.982539527948415,25.687549591064453,1.1176984840960047
24.06123440133842,24.552738189697266,1.020427205859875
22.45808220274638,24.806501388549805,1.1045689994631973
23.053840306809295,25.277341842651367,1.096448205862922
33.437841742503146,24.341310501098633,0.7279569862356927
34.73514678830762,22.84788703918457,0.657774305041242
27.931537958062968,25.618091583251953,0.9171744005545103
24.4451570392156,26.53662872314453,1.0855577111071013
24.638298100625523,25.51052474975586,1.0354012539976611
24.450776513431936,24.99491310119629,1.022254368382347
24.024809456034347,25.00232696533203,1.0406878360923757
45.34274640327037,24.722610473632812,0.5452384876238922
33.930858046071634,22.539703369140625,0.6642833298979945
30.045688128787436,28.570453643798828,0.9509002929583379
22.89045853736811,26.274526596069336,1.1478374953990902
23.103603573790764,25.918764114379883,1.1218494133003
22.925606825351338,25.130342483520508,1.0961691297842182
22.213296635685936,25.006723403930664,1.1257547141272608
25.244726431307065,25.093568801879883,0.9940123086760915
31.207945610262453,23.90702247619629,0.7660556313048265
73.20165081481898,23.870845794677734,0.3260970965677363
50.27245623877743,27.73392677307129,0.5516724036984462
22.805316191009425,35.25533676147461,1.5459262422054634
24.48507208448715,30.572063446044922,1.2486000997078652
40.344998609831926,24.849849700927734,0.6159338346060054
391.48688822153855,24.383447647094727,0.06228420000951954
399.65560599077855,288.1509094238281,0.7209980420754483
34.64673319303068,27.15754508972168,0.7838414357398787
26.280539539732313,22.883052825927734,0.8707223377713353
25.831117022663776,28.367210388183594,1.0981797791901409
23.90706732103976,27.99992561340332,1.1711986768348446
23.459557184634654,28.422651290893555,1.211559581760119
43.58616935025761,25.937631607055664,0.5950885795588358
41.62444287816018,26.882091522216797,0.6458246564621647
24.342189504585228,30.62001609802246,1.2578990107794004
46.67876260167702,29.31494903564453,0.6280146987999065
34.54562759232146,29.347476959228516,0.8495279722679477
23.73005571987072,31.610017776489258,1.3320667321493112
23.854499652223904,26.154272079467773,1.0964083280208088
32.138390997236336,24.769285202026367,0.7707070713078431
35.62555094793003,23.260732650756836,0.6529227487528404
24.613996628304328,28.150148391723633,1.1436642661823144
23.395227264905156,27.907634735107422,1.1928772659101825
23.646303597856765,26.18474578857422,1.1073504863122678
199.71993462998378,27.056612014770508,0.13547276622585336
67.88777552724032,92.79815673828125,1.3669347097850557
34.11406766762832,30.552997589111328,0.8956128564552219
28.118547032848454,30.912979125976562,1.0993803872534245
23.76050567896319,27.03729248046875,1.137908967333415
24.32426873258083,28.626848220825195,1.176884227663598
24.103165912051725,24.37734031677246,1.0113750370271337
24.706285293623388,25.979982376098633,1.0515535649061731
23.4203896501289,25.051767349243164,1.0696563004922202
30.764704489697326,24.76152801513672,0.8048680598713052
32.41451760860063,23.678043365478516,0.7304764998013099
32.48636418055114,27.441957473754883,0.8447223370777751
25.935791667573156,28.836427688598633,1.1118391163147747
53.13124297711703,28.53701400756836,0.5371042047681606
23.8125015965175,24.85804557800293,1.0439073558587535
40.72183341071651,32.00874328613281,0.7860339431011294
25.492729851509136,24.157115936279297,0.9476080465681955
24.88246000136834,27.844770431518555,1.1190521528011022
26.86136892385647,26.324007034301758,0.9799949923967775
31.2074659497429,25.24494171142578,0.8089391734683207
30.564451884061512,25.488603591918945,0.8339296804210162
30.172062364330685,25.80121421813965,0.8551359170144683
26.8961301504669,25.951946258544922,0.9648951768659706
24.515681131888947,25.986892700195312,1.0600110419282895
183.79470045063343,25.743328094482422,0.14006567126997757
45.179012385369084,86.33695983886719,1.9109970599274726
26.340180199914144,35.25181198120117,1.338328428797768
25.135497477336177,28.721830368041992,1.1426800044017227
377.8074059625011,24.74043083190918,0.06548423996316463
434.4394569650962,338.500244140625,0.7791655171132875
26.850328491231203,35.26874542236328,1.3135312453954286
26.73013567300653,23.621036529541016,0.8836856205482996
31.260301012501213,28.343809127807617,0.9067030133994145
31.917920337946885,30.135419845581055,0.9441536142238367
32.26195387175231,27.379802703857422,0.8486715594690138
31.769419669088403,25.804615020751953,0.8122469749064949
309.0957528000071,29.694684982299805,0.09606953415989843
148.65930516397546,131.78245544433594,0.8864729678305446
138.6592928135334,31.557504653930664,0.22759026108959496
30.206260613882645,52.654571533203125,1.743167491212181
56.12638631021214,39.91065216064453,0.7110853697235595
37.161857262750885,27.426088333129883,0.738017159347425
29.73773526015016,32.3728141784668,1.0886106119132668
24.73734800076779,35.46226119995117,1.4335514542161314
24.987849332159023,27.87135124206543,1.1153961620136463
24.658675820266037,25.26955795288086,1.0247735173237795
25.528034431504093,26.252086639404297,1.0283630222233895
34.44265651721567,29.427776336669922,0.8543991466500521
158.2230297684632,30.973560333251953,0.1957588625282763
30.124232718184263,45.986080169677734,1.5265477663740987
22.836677644552456,29.785036087036133,1.3042631047577609
26.13800302046177,27.648401260375977,1.0577855254945
85.41124741050729,26.04583168029785,0.30494615720942736
27.8523358303362,42.110870361328125,1.511933168472779
99.3148423302977,36.5729866027832,0.3682529795612029
33.54632927825926,47.35839080810547,1.4117309353067593
33.49512283944523,36.339290618896484,1.0849128929332317
29.43425328579417,29.640233993530273,1.006997993315343
26.669788356216838,26.140819549560547,0.9801659915860192
27.178123058221292,29.272260665893555,1.077052326357717
26.325779173612453,27.331924438476562,1.038219011799378
71.4563917595036,27.67140769958496,0.38724888030614424
40.08818383456571,26.423202514648438,0.6591269543087968
50.212027788337814,37.00241470336914,0.7369233295924225
35.787273348437026,30.13247299194336,0.8419885107916266
25.195269572757528,31.212936401367188,1.2388411368742125
28.01569148273206,30.17157745361328,1.0769528024039685
36.321824593561765,27.96881675720215,0.7700278570851248
29.533128064911576,25.804712295532227,0.8737547962686318
25.19830696415121,27.94036102294922,1.1088189798901584
23.53740016845111,26.623044967651367,1.1310953961404866
23.20848990373423,25.33470344543457,1.0916136099556497
147.32206209157908,25.75555992126465,0.17482486706746167
34.84551437440684,64.3833236694336,1.8476789574018038
33.144662979137294,35.51023483276367,1.0713711240665011
501.53948036769305,27.30447006225586,0.05444131744571368
213.35067696931387,340.6981201171875,1.5968926134046904
263.04533484947007,22.884681701660156,0.0869990023383464
24.37492986619545,40.778385162353516,1.6729642048696647
23.79853385337435,31.56072998046875,1.3261627869564667
46.26274332704415,31.629064559936523,0.6836832899497962
36.81590969267687,22.039382934570312,0.5986374672945869
31.9319135961252,30.360694885253906,0.9507947212076274
26.122610853597372,29.654582977294922,1.1352074700148571
111.89539860065183,29.72014045715332,0.2656064577170217
23.688057423984464,46.328304290771484,1.9557662944477447
37.46522534049119,40.466190338134766,1.0801000119542918
93.11516662721115,27.99483871459961,0.3006474640879679
63.510681857558694,34.39146041870117,0.5415067105693195
24.54105342877641,32.31816101074219,1.3169019457349975
24.558908541635112,29.416933059692383,1.1978110920451284
25.776342835222405,26.689090728759766,1.0354102946012234
29.42672044740641,30.153287887573242,1.0246907378437025
34.041299171682866,27.139333724975586,0.7972472962357249
32.21164264246069,28.844308853149414,0.8954622144953102
23.874161817724445,27.688039779663086,1.1597491878901136
24.256752620352856,29.93313980102539,1.2340126590527087
24.121138076391833,26.676794052124023,1.105950887045147
120.64484776838782,25.475324630737305,0.21115965664480305
56.654844115631604,51.122867584228516,0.9023565130615766
30.459977640082723,38.85734558105469,1.2756852956425597
34.587098379466,29.631166458129883,0.8567115440860918
56.0151430747508,26.978271484375,0.481624610837344
168.739900869784,32.64857864379883,0.1934846380465378
415.72004086550237,80.5865707397461,0.1938481738142093
440.22370740308986,170.5938720703125,0.387516322273186
37.79733699590443,27.385875701904297,0.7245451102777881
38.0427291565253,29.156421661376953,0.7664124606153785
266.4555303704193,33.61864471435547,0.1261698140309557
61.2436347245762,226.77313232421875,3.702803292849272
47.16996346474427,35.85201644897461,0.7600602971798164
51.43083579149985,27.996395111083984,0.5443503820272554
94.54170971831816,40.01327133178711,0.4232340567036968
33.996005764615106,59.44339370727539,1.7485405232266231
34.0510943257814,39.79732131958008,1.168753078500857
35.22706968631839,31.572376251220703,0.8962532658083364
41.62871719081821,28.911041259765625,0.6944975298480338
44.34872342580578,26.78994369506836,0.6040747427575275
41.42754951199741,26.984861373901367,0.6513747902488549
32.85592103582888,29.790111541748047,0.9066892846882115
34.12347997604302,37.28883743286133,1.0927618595477542
31.667912647812656,32.03547286987305,1.0116067082206561
32.979170504091464,31.570781707763672,0.9572945961102004
33.24714876236542,35.00538635253906,1.05288386089107
28.2417896945671,30.282390594482422,1.0722546595659932
38.57690417795058,27.641908645629883,0.7165403558077421
31.656536267478536,27.301109313964844,0.8624161873960886
40.10873741904422,31.77989959716797,0.7923435550997525
33.26072264694719,26.806812286376953,0.8059600078724507
34.870440928277915,28.899555206298828,0.8287694229545276
91.56266661036418,27.95777702331543,0.3053403538615468
50.13374568622797,37.69959259033203,0.7519803691964777
178.80522910665172,37.79331588745117,0.2113658312806313
44.024806333556675,84.04033660888672,1.9089314322509428
41.344232079927835,36.49011993408203,0.8825927607879692
33.49542571916356,30.95124626159668,0.924043973081635
31.40560936042158,29.45557403564453,0.9379080564112681
31.16670634928645,30.09186363220215,0.9655131118110942
31.62929807723304,26.127410888671875,0.8260509235732468
31.404430823494085,27.305233001708984,0.8694707175295011
31.583255602588473,26.756696701049805,0.8471798169805175
39.49010151911392,27.173946380615234,0.6881204488031654
168.60789236415525,27.87124252319336,0.165302122767763
33.732299486453634,86.69451141357422,2.570074164329929
31.273963056470304,33.010189056396484,1.0555166608335227
31.337651743605083,28.297822952270508,0.9029975565429883
32.04316831869255,27.23300552368164,0.849884919394663
30.693509298523885,31.841434478759766,1.0373996068377587
37.69714037214115,26.771724700927734,0.7101791922846358
40.03814319798804,27.3096923828125,0.6820918804292813
39.567031960736635,28.9068660736084,0.7305795921789993
31.9754234348802,30.571762084960938,0.9561018682746173
32.052932581706706,28.393259048461914,0.8858240654294002
32.62843178210552,28.47832489013672,0.8728070377490574
32.232978907295696,28.747303009033203,0.8918599516263284
31.879468448768893,28.32549476623535,0.8885184146578583
636.687599715327,26.092376708984375,0.040981443208020205
116.74685316233355,427.4661560058594,3.6614790414220284
41.36945898395856,27.11957359313965,0.655545763933136
34.288428840628384,27.53605842590332,0.8030714546265773
31.49537720336242,38.16844940185547,1.2118746556170992
31.079300940898236,30.89788055419922,0.9941626619258903
32.4476210577321,23.652896881103516,0.7289562719873774
30.070025075178318,27.474369049072266,0.9136796188358131
29.57813612146484,27.61581802368164,0.933656465379536
37.42451866206787,26.52020263671875,0.7086317629409797
38.928641569480085,25.970298767089844,0.6671257387889554
60.131344425549315,33.51013946533203,0.5572823921610814
33.75664436114357,28.57522201538086,0.8465065931811955
32.83943346811064,27.097929000854492,0.8251643265152078
31.049152603366093,23.28411293029785,0.7499113817287748
32.39886467734201,29.809450149536133,0.9200769979567595
32.15737853741621,27.73264503479004,0.862403787128424
32.85031915409796,27.050962448120117,0.8234611761677696
37.617077584058094,28.78720474243164,0.7652695688043426
40.57621456043587,31.29530143737793,0.7712720808582434
38.82465232951248,25.280561447143555,0.6511471431239729
31.192127515037235,28.645925521850586,0.9183703647031077
32.084267960008134,28.70028305053711,0.8945282182006136
30.365867163732787,27.032543182373047,0.8902279337722696
182.37197783112052,27.25636863708496,0.14945480638656455
41.30908702046757,87.31672668457031,2.1137413819217827
40.94739894525472,35.18033218383789,0.8591591429500272
39.293879452396084,28.630496978759766,0.7286248489015996
48.60079394594436,29.577030181884766,0.608570926120702
31.7159932896133,32.74608612060547,1.032478655849934
31.418727277926493,29.83634376525879,0.9496356584189385
31.633520600499477,27.84003448486328,0.8800801793912152
30.875782538196773,26.703258514404297,0.8648609466454623
31.443698694369186,27.008403778076172,0.8589448728852224
31.010123249442046,26.292163848876953,0.8478574444024507
34.32100395009717,28.157629013061523,0.8204197363807536
222.51882847984476,28.560508728027344,0.1283509756146963
37.7658208074239,107.60711669921875,2.849325511761832
36.71154237247913,29.406885147094727,0.801025597037831
30.734613124742875,29.23116683959961,0.9510829604706195
31.83355933588548,29.34207534790039,0.9217340429420194
31.884569583886716,30.074678421020508,0.9432361425452374
31.892831456482703,26.009445190429688,0.8155263738786941
30.990031154315695,29.086017608642578,0.9385604507400451
32.35053785323845,26.457134246826172,0.8178267195077773
32.028787845194245,26.337501525878906,0.8223071585842332
37.04584354225341,26.7559871673584,0.7222399224582725
39.34390003335313,28.804443359375,0.732119676365498
982.0315747635012,29.77678680419922,0.030321618539984566
217.42581047779635,260.5137939453125,1.198173268264838
95.08920342096297,61.5584602355957,0.6473759167281528
33.81380417081272,30.65297508239746,0.9065225233916858
32.85555563317705,45.00693130493164,1.36984234287258
290.7383851526635,35.46604919433594,0.12198612569067241
206.330994931189,143.0364532470703,0.6932378399802351
419.73352732300225,47.13440704345703,0.11229602587163633
33.41912937266003,45.795352935791016,1.370333512436021
33.91623188793605,36.16111373901367,1.0661890111641832
32.46858175660679,39.93885803222656,1.2300770736344129
30.685900708937773,32.012813568115234,1.043241776468076
45.90956729476647,25.50257110595703,0.555495784619696
75.9384650154316,24.040273666381836,0.3165757124732053
32.69913900174488,31.859251022338867,0.9743146760114633
30.727090186939968,21.664133071899414,0.705049939323815
30.679569116568143,33.3786506652832,1.0879765142222109
31.056548892469536,35.30887985229492,1.136922198746187
31.197496754357335,32.4000129699707,1.0385452789716345
32.37660646656673,28.830724716186523,0.8904801294094299
34.43076556720565,25.79016876220703,0.7490443020172475
39.50695105318693,24.308622360229492,0.6152998829877704
38.91426734610287,32.3698844909668,0.8318256181741664
32.15963206143432,29.84111213684082,0.9279058939429267
33.16032012498123,33.557289123535156,1.0119712052554906
270.81199442625154,28.871673583984375,0.10661150236403878
112.6817085021629,190.20989990234375,1.688028185148548
96.81507123230799,25.184635162353516,0.26013134981766345
39.77292473747692,39.79930877685547,1.000663366839444
32.32253279117558,38.9327392578125,1.2045076884705515
25.08679362534921,32.81767272949219,1.3081652928468002
30.00446639313007,26.84980010986328,0.8948601104271232
39.079720798142844,26.98287010192871,0.6904570849239792
39.20661435745865,26.706071853637695,0.6811624082138361
37.20333480063022,29.158889770507812,0.7837708615845336
33.51810204227887,28.56983757019043,0.8523703858336958
270.2971071541985,30.64996910095215,0.11339362608667145
44.096374688479884,166.35841369628906,3.7726097637625062
35.72418579049655,26.505836486816406,0.7419577493594708
37.24680593489893,27.562862396240234,0.740006067752908
38.454444397026826,33.7789306640625,0.8784142169708263
37.55298786229408,34.54026794433594,0.9197741620718513
23.19556852538844,28.072572708129883,1.2102558588897434
27.409230419452946,30.232540130615234,1.1030058001613399
38.766294368129344,26.599491119384766,0.6861499545660164
43.513131326400206,26.361186981201172,0.6058214193655919
398.7986171171686,29.09425926208496,0.07295476466894807
275.26900395830114,320.39434814453125,1.163931803208275
171.84849913886393,25.145273208618164,0.14632233237195322
21.648095858903247,28.28740119934082,1.3066923476185097
32.35393504215275,33.047706604003906,1.0214431895516656
31.478528724195368,37.2369499206543,1.1829317134518054
34.02642033583004,27.400123596191406,0.8052602455903626
27.355591334099206,27.329103469848633,0.9990317202824435
14.700921980547454,29.158283233642578,1.983432282153826
25.250063013691676,28.418649673461914,1.125488267417475
31.254156207173295,22.751047134399414,0.7279366937181209
30.937080594891366,27.767858505249023,0.8975591093696903
31.662449986195863,29.037738800048828,0.9171033452151885
26.636068909943198,26.862655639648438,1.008506763159058
15.274941081632038,25.408472061157227,1.6634088423235005
26.106135947458817,26.413738250732422,1.0117827588078405
31.3187323475065,22.282968521118164,0.7114901163262524
31.083638672663444,26.619884490966797,0.8563953780088718
31.055011844713402,27.692922592163086,0.8917376277503286
21.78093428520407,29.08346939086914,1.3352718946783533
15.44215160959211,27.419462203979492,1.7756244658903302
28.556639399576145,26.70939064025879,0.9353128099749449
30.64142654604625,22.177949905395508,0.7237897319195535
31.57142586339207,25.231407165527344,0.7991849108970352
32.66870660393017,25.70511817932129,0.7868422368527093
26.016425040337552,25.501535415649414,0.9802090554759226
17.124330043210794,26.290727615356445,1.5352850329919805
26.55151041659374,26.097265243530273,0.9828919272035244
32.40551901392676,22.600967407226562,0.6974419202332004
32.596951775873876,24.527725219726562,0.752454566561048
31.954680757596744,26.032798767089844,0.8146787309368108
32.901367145957074,25.718454360961914,0.7816834554889371
18.575040388145272,25.370330810546875,1.3658291061772554
17.091769714709866,27.408498764038086,1.6036080067501277
31.317994227812356,25.09566879272461,0.8013178816681074
31.27692907756642,21.891374588012695,0.6999208436903233
32.861121304051544,26.07992172241211,0.7936406515500322
31.069080804489,25.517120361328125,0.8213027131990752
20.981200449177596,25.567642211914062,1.2185976809976211
14.071233224447557,26.6915225982666,1.8968858075561124
29.775440239170138,26.18259048461914,0.8793351256709704
30.253698035424428,21.445241928100586,0.7088469615512817
30.97025125066332,25.742198944091797,0.8311911561757334
26.813396514006328,25.735862731933594,0.9598136035652973
25.911188082685673,25.57445526123047,0.9870043465247271
17.00054404508595,24.746658325195312,1.4556391995201117
24.639826387902023,26.271535873413086,1.0662224424727367
32.73348749273533,23.293825149536133,0.7116206348225445
32.09481151327995,23.915189743041992,0.7451419284125269
28.197719174151878,26.287139892578125,0.9322434814754403
31.992169053362527,25.862272262573242,0.8083938359864036
18.68799146982126,24.272716522216797,1.298840304021658
16.88099474551034,27.209604263305664,1.6118483936227939
82.55137108018445,25.296669006347656,0.3064354798150632
65.24662063752808,24.272790908813477,0.37201606261968495
29.591376312058237,39.30533218383789,1.3282698232532462
27.18835596237671,31.546581268310547,1.1602974932344108
25.861423008879896,24.93096160888672,0.9640212605596494
11.437071538393862,25.662227630615234,2.2437760876521584
19.04084165117811,28.21497344970703,1.4818133550289407
28.90221303134071,23.2802791595459,0.8054843113328881
26.01491653164826,22.85445213317871,0.878513375408116
225.05726155549345,25.6948184967041,0.11417013749795585
26.52747751888103,117.05318450927734,4.412526009152748
55.63454311740344,30.890533447265625,0.5552401748330802
17.76358858736341,27.16366958618164,1.5291769144836658
28.698198335684694,31.83615493774414,1.1093433310814347
28.754781680196107,27.60427474975586,0.9599890222351221
27.592729654591682,24.555591583251953,0.8899297710172607
30.66307130660538,27.490978240966797,0.8965500541703643
15.146997017210657,23.634475708007812,1.5603406854278326
15.001075853395461,26.943986892700195,1.796136967509666
27.725862620392707,24.209110260009766,0.8731598576919901
30.43055270390754,23.26797866821289,0.7646255687372081
28.710300003061107,28.082422256469727,0.9781305752108325
55.8153076653085,28.03164291381836,0.5022214171407529
29.497585600398335,24.450557708740234,0.828900305264647
87.64895944042654,32.512516021728516,0.37094012557931966
30.280970957981587,31.787227630615234,1.04974268079857
28.815549332403837,35.67318344116211,1.2379838062308492
28.52222170213946,28.021316528320312,0.9824380730558036
20.608267133680638,26.424015045166016,1.2822046062272041
17.36755737954776,27.986793518066406,1.6114409704512613
23.746066649920788,24.393190383911133,1.027251828419866
29.394560511211054,23.010883331298828,0.7828279426910466
29.252986978226613,23.90277099609375,0.8171053100965348
88.18681668630624,25.550527572631836,0.2897318276440219
79.67672004654935,32.1223258972168,0.4031582359119457
19.667791655081036,44.23533630371094,2.2491257320332174
30.217018244389575,32.94475555419922,1.0902715578270568
34.5692271709288,24.49071502685547,0.708454224497419
36.35910317951617,26.674482345581055,0.7336397219117552
35.77500134574764,28.128873825073242,0.7862717754563202
26.230629008850542,26.77569580078125,1.02077978350221
20.745926003409174,27.28862953186035,1.315372932853227
37.73929844590886,25.783613204956055,0.6832032991262755
37.42723476608364,22.882034301757812,0.6113738950998696
39.770222356237596,28.194438934326172,0.7089333995112584
31.349388241876934,28.745424270629883,0.9169373274158938
18.36912020415646,28.831159591674805,1.5695449358075981
33.2056263765238,27.793529510498047,0.8370126554862377
39.460117105376,22.52774429321289,0.5708990734379685
56.00897316401796,27.3756160736084,0.48877196861726097
36.08808473114498,28.782466888427734,0.7975614971771471
23.344256423342024,31.275409698486328,1.3397475221020065
24.904578375737536,28.82151985168457,1.157277967803823
35.07499784257606,24.864778518676758,0.7089032087835071
36.54647179022179,24.690160751342773,0.6755826087143318
35.83493322026977,27.143495559692383,0.7574590803015328
29.175680530271496,27.34231185913086,0.9371610657294384
175.85546238349016,27.3501033782959,0.1555260383021438
19.93701269497987,81.95616149902344,4.1107543418307575
27.196609032028363,34.69255065917969,1.275620450267298
43.374031020237815,25.858089447021484,0.5961652361745304
423.760888269878,25.864459991455078,0.061035505416873054
418.12823287924937,349.8625183105469,0.8367349793659667
11.426544187516473,28.030803680419922,2.4531304671314045
26.278917488903627,23.947338104248047,0.9112756685795715
31.360166358233062,26.482999801635742,0.8444789322580585
31.590786899003703,28.359338760375977,0.8977091596686488
32.37483838253229,27.82320213317871,0.8594082170983317
21.872136343567295,26.372013092041016,1.2057355842058455
980.8463336985654,29.662782669067383,0.030242028389110925
179.15662629114536,170.5479278564453,0.9519487578387966
42.94306472479965,65.093994140625,1.515820879524539
39.711261626376675,36.37445831298828,0.9159733743847601
36.73249963648817,38.01795959472656,1.034995166976371
31.03359477066387,28.756736755371094,0.9266324758018334
35.563568593290846,26.50104522705078,0.7451739596248018
22.266788298518378,42.076072692871094,1.8896336610731965
22.713841620884203,23.286741256713867,1.025222489677964
34.193730533510774,24.435474395751953,0.7146185576857293
36.535769170979606,22.359825134277344,0.6119982045441039
34.77552935842864,45.61258316040039,1.3116287228952028
88.64356437534587,24.841543197631836,0.28024079776896843
34.972199377686266,22.949481964111328,0.6562207231025357
57.476724449224356,25.45619010925293,0.44289563041716545
28.020774531172776,26.394338607788086,0.9419560682887156
42.97639841577585,36.44049835205078,0.8479188507028114
410.83455060292454,30.053001403808594,0.07315110513393773
413.3388940637737,424.4423828125,1.0268629178337454
37.43998176474533,64.64299011230469,1.7265764315402141
38.164061945593794,29.10282325744629,0.7625714290825465
36.53068986461154,30.678239822387695,0.8397936074047893
38.32495826071665,34.05060958862305,0.8884708851340136
33.88020101986402,27.40531349182129,0.808888751154502
26.63951190667186,27.004470825195312,1.0136999101110427
584.6253821964252,29.275299072265625,0.05007531312150516
81.25249742860552,247.15411376953125,3.0418032871752554
69.7052115819594,31.45178985595703,0.4512114538089596
48.30124881238708,44.2518424987793,0.9161635275862827
31.52128989939981,39.67428970336914,1.2586505764830571
36.34710138296794,28.099567413330078,0.7730896369771424
34.27979885993632,27.28639030456543,0.7959903853594582
32.00399545728381,35.520084381103516,1.1098640614579727
35.251547301045264,27.29099464416504,0.7741786313974314
29.84007305263604,28.144968032836914,0.943193670578183
18.761113523100253,28.150671005249023,1.5004797540715034
151.729245451939,34.4765625,0.22722424010815123
33.40103722528167,56.24127960205078,1.6838183563796947
35.253310979712005,27.39169692993164,0.7769964343404607
33.98465159298601,23.8250789642334,0.7010540890509109
33.11375634583715,32.6537971496582,0.9861097245695964
21.833988793971056,31.1331729888916,1.4259040472480364
22.358409778970337,27.7789249420166,1.2424374191470737
34.64561467479008,26.954708099365234,0.7780121193513954
35.05467559803993,26.414445877075195,0.753521332787691
45.43679910508038,25.455089569091797,0.5602306956135388
83.61112417556417,27.223716735839844,0.3255992190545876
80.94163337911405,39.89735794067383,0.49291515719484885
41.749169524177965,43.42561340332031,1.0401551431621048
66.94480066106492,33.809017181396484,0.5050282747508397
30.867200627861045,31.770065307617188,1.0292499695920339
62.04141537933926,36.70515441894531,0.5916234211376274
55.096874347091216,28.872663497924805,0.5240345090365205
55.65218456800028,34.673954010009766,0.6230474918310235
45.84500609084871,35.387481689453125,0.7718939249201441
65.25588973089367,34.546688079833984,0.5294033722059386
63.651958414281786,33.93495559692383,0.5331329379695839
51.658674835419696,38.61202621459961,0.7474451549060126
48.88095712172622,36.08654022216797,0.738253552038745
47.19723389649972,32.66853713989258,0.6921705880376895
47.25524178521135,32.75870132446289,0.6932289432220153
56.193107799603176,32.74458694458008,0.5827153582847631
148.24177215943982,34.50614547729492,0.23276938055072774
198.3686653446763,73.63565063476562,0.3712060597212755
552.6206654587128,85.22198486328125,0.15421425616166778
440.39750627496767,128.00018310546875,0.29064692983422624
21.81504835737663,45.18604278564453,2.071324438314396
49.939139887523105,32.344757080078125,0.6476835034189126
57.80683004271849,34.30208969116211,0.5933916401541707
32.61050015885626,36.513145446777344,1.1196744995909305
19.20382900611642,32.45127868652344,1.6898337657655516
43.89649067686458,29.358890533447266,0.6688209030094681
48.25827738580194,30.831689834594727,0.6388891503132209
72.62053352177344,38.0734748840332,0.5242797462045335
49.478738743380056,42.10788345336914,0.8510298468148182
501.0401953549129,37.630104064941406,0.07510396254393531
415.38742988376083,227.94607543945312,0.5487553523303292
57.95357420253107,42.6068229675293,0.7351888740913668
41.776120721835056,32.70919418334961,0.7829638946407379
47.91468883773673,32.084022521972656,0.6696072394548009
34.24078578174381,66.52117156982422,1.9427466412085488
17.23015639244276,32.00166702270508,1.8573056618767074
45.0210494154478,28.825626373291016,0.6402699792111077
40.70533791964442,27.03605842590332,0.6641895094759968
15.264568595292744,32.60915756225586,2.1362646024802694
164.25033850139158,29.222827911376953,0.17791639382910232
59.03562383845654,98.57420349121094,1.669741032312061
70.6152851343834,36.20579528808594,0.5127189562314309
461.78562107917327,27.19498634338379,0.058890933589119274
386.796514989085,101.79597473144531,0.26317707318101846
58.63981577538554,29.73674964904785,0.5071085107591701
62.79297043970228,21.557554244995117,0.34331158558100106
35.775550208124585,38.31535339355469,1.070992707887224
47.98697162434958,46.37516784667969,0.9664116379277407
60.146966689683914,27.29172706604004,0.45375068050972833
49.438540666256216,31.606094360351562,0.6393007142689385
31.78847781959267,35.85658264160156,1.1279741938288574
60.246663816945656,34.424190521240234,0.5713874983324421
56.90798012059869,34.58985900878906,0.6078208879578341
76.87050888451694,40.85134506225586,0.5314306572840191
25.797379406865364,37.106319427490234,1.4383755358350572
40.51321826773623,28.57386589050293,0.705297360028751
31.693448302328157,25.29001235961914,0.7979571083075038
7.62639682816209,30.82134437561035,4.041403177683594
37.348275394094735,33.59432601928711,0.8994880128949361
36.03748490259265,19.64398193359375,0.5450985823980324
2.202961924146257,33.95100784301758,15.411527303711825
36.26782334299226,34.25737380981445,0.9445665786401194
210.82079875465087,18.366437911987305,0.08711871893323868
99.65570278086848,91.66007232666016,0.9197674570436797
24.201862531423156,39.4576530456543,1.6303560519122593
39.05318804619671,30.662527084350586,0.7851478616311514
379.96686689348877,27.2081356048584,0.07160660040520139
431.1046764126614,343.54193115234375,0.7968875077186568
72.24542419333874,37.2529296875,0.5156441408359097
26.860043945137736,24.6385555267334,0.9172939395429963
18.72656284368584,34.00129318237305,1.8156718596032955
41.25571216933681,31.39866828918457,0.7610744461350383
27.044779357760532,21.754751205444336,0.8043974372156149
24.43538968390144,29.162811279296875,1.1934661839467189
80.59158159295409,29.49039649963379,0.36592403222189723
52.42081449829389,34.453330993652344,0.6572452435811289
46.18945317092992,37.6502571105957,0.8151267123961429
58.69789198774297,38.18282699584961,0.6504974148615554
68.69462469294002,39.492191314697266,0.5748949279688839
